{"version":"1.2.9","db_type":"http","start_time":"2016-11-30T02:43:57.038Z","db_info":{"db_name":"sucursales","doc_count":27,"doc_del_count":0,"update_seq":27,"purge_seq":0,"compact_running":false,"disk_size":110696,"data_size":13120,"instance_start_time":"1480448442464074","disk_format_version":6,"committed_update_seq":27,"host":"http://localhost:5984/sucursales/","auto_compaction":false,"adapter":"http"}}
{"docs":[{"_id":"16fd86c9f461982348e54db7222ecbc2","_rev":"1-cdd9fb431010f2837a005e7e2ff8b00c","banderaId":2,"lat":"-31.424414","lng":"-64.159383","sucursalNombre":"Mercamax 803","id":"7-2-803","sucursalTipo":"Supermercado","provincia":"AR-X","direccion":"Agustin Garzon Esq. Centro America None","banderaDescripcion":"Abastecimiento Mercamax","localidad":"CORDOBA","comercioRazonSocial":"Cyre S.A.","comercioId":7,"sucursalId":"803"},{"_id":"16fd86c9f461982348e54db722636daa","_rev":"1-dc5a64a15cf41b9cd66d3ce9fee64e43","banderaId":2,"lat":"-31.475606","lng":"-64.221258","sucursalNombre":"Mercamax 804","id":"7-2-804","sucursalTipo":"Supermercado","provincia":"AR-X","direccion":"Av. De Mayo 1225","banderaDescripcion":"Abastecimiento Mercamax","localidad":"CORDOBA","comercioRazonSocial":"Cyre S.A.","comercioId":7,"sucursalId":"804"},{"_id":"16fd86c9f461982348e54db72296d680","_rev":"1-25e1f0df3e55314db9af0f87792eed8f","banderaId":2,"lat":"-31.465265","lng":"-64.093979","sucursalNombre":"Mercamax 801","id":"7-2-801","sucursalTipo":"Supermercado","provincia":"AR-X","direccion":"Av. Vucetich 6714","banderaDescripcion":"Abastecimiento Mercamax","localidad":"CORDOBA","comercioRazonSocial":"Cyre S.A.","comercioId":7,"sucursalId":"801"},{"_id":"16fd86c9f461982348e54db722c37f77","_rev":"1-cbedb2793dfe1ce4b81aa0c2d5db697d","banderaId":2,"lat":"-31.557592","lng":"-63.536742","sucursalNombre":"Mercamax 802","id":"7-2-802","sucursalTipo":"Supermercado","provincia":"AR-X","direccion":"San Juan 760","banderaDescripcion":"Abastecimiento Mercamax","localidad":"VILLA DEL ROSARIO","comercioRazonSocial":"Cyre S.A.","comercioId":7,"sucursalId":"802"},{"_id":"25648a900594be7fab2ba49bc68b84ad","_rev":"1-3328dddc42925566609de80a91f2c4e3","banderaId":2,"lat":"-24.726100","lng":"-65.403370","sucursalNombre":"Salta Ciudad Judicial","id":"11-2-1075","sucursalTipo":"Hipermercado","provincia":"AR-A","direccion":"Avenida Fuerza Aerea Esq. Aguas Blancas None","banderaDescripcion":"Changomas","localidad":"BARRIO CASTAÑARES","comercioRazonSocial":"Wal Mart Argentina S.R.L.","comercioId":11,"sucursalId":"1075"},{"_id":"25648a900594be7fab2ba49bc6c4b8c8","_rev":"1-846c08825b5b0b1221720c299c0edf7c","banderaId":2,"lat":"-24.804722","lng":"-65.419722","sucursalNombre":"Salta","id":"11-2-1011","sucursalTipo":"Hipermercado","provincia":"AR-A","direccion":"Av Paraguay 1450","banderaDescripcion":"Changomas","localidad":"SALTA","comercioRazonSocial":"Wal Mart Argentina S.R.L.","comercioId":11,"sucursalId":"1011"},{"_id":"25648a900594be7fab2ba49bc6fc49c0","_rev":"1-3d3e1fc184853d814b2e824627c8b135","banderaId":2,"lat":"-23.144839","lng":"-64.326264","sucursalNombre":"Oran","id":"11-2-1052","sucursalTipo":"Hipermercado","provincia":"AR-A","direccion":"Av Pueyrredon Y Av Palacios None","banderaDescripcion":"Changomas","localidad":"SAN RAMON DE LA NUEVA ORAN","comercioRazonSocial":"Wal Mart Argentina S.R.L.","comercioId":11,"sucursalId":"1052"},{"_id":"29d0d9d0f1924810ad84b0674a012343","_rev":"1-8c5f4b5985eab5893049354c94be8104","banderaId":1,"lat":"-27.360006","lng":"-55.893729","sucursalNombre":"Local 5","id":"5-1-5","sucursalTipo":"Hipermercado","provincia":"AR-N","direccion":"Juan B. Alberdi 1095","banderaDescripcion":"California Supermercados","localidad":"Posadas","comercioRazonSocial":"California S.A.","comercioId":5,"sucursalId":"5"},{"_id":"29d0d9d0f1924810ad84b0674ac6a130","_rev":"1-d3e9acb82a6f9a422c5f0d82b83254c0","banderaId":1,"lat":"-27.373226","lng":"-55.897406","sucursalNombre":"Local 2","id":"5-1-2","sucursalTipo":"Hipermercado","provincia":"AR-N","direccion":"Santiago Del Estero 2075","banderaDescripcion":"California Supermercados","localidad":"Posadas","comercioRazonSocial":"California S.A.","comercioId":5,"sucursalId":"2"},{"_id":"3051f3945b4f086348dffc06bc174ab9","_rev":"1-e34351c30cdb89e55c1c118a8d9894d9","banderaId":3,"lat":"-38.898910","lng":"-70.073840","sucursalNombre":"BOMBA 06","id":"2-3-247","sucursalTipo":"Supermercado","provincia":"AR-Q","direccion":"Afione 341","banderaDescripcion":"BOMBA","localidad":"ZAPALA","comercioRazonSocial":"S.A. Importadora y Exportadora de la Patagonia","comercioId":2,"sucursalId":"247"},{"_id":"3051f3945b4f086348dffc06bc828f73","_rev":"1-3a489a38531b1ab7eea593d335db748d","banderaId":3,"lat":"-39.099490","lng":"-67.092230","sucursalNombre":"BOMBA 05","id":"2-3-246","sucursalTipo":"Supermercado","provincia":"AR-R","direccion":"Mitre 267","banderaDescripcion":"BOMBA","localidad":"VILLA REGINA","comercioRazonSocial":"S.A. Importadora y Exportadora de la Patagonia","comercioId":2,"sucursalId":"246"},{"_id":"3051f3945b4f086348dffc06bced751e","_rev":"1-1cc401691185218c5a20e97b7345efc7","banderaId":1,"lat":"-27.396928","lng":"-55.909301","sucursalNombre":"Local 3","id":"5-1-3","sucursalTipo":"Hipermercado","provincia":"AR-N","direccion":"Av. Lavalle 5495","banderaDescripcion":"California Supermercados","localidad":"Posadas","comercioRazonSocial":"California S.A.","comercioId":5,"sucursalId":"3"},{"_id":"314e20f45668bcf80246586c6bb2bc64","_rev":"1-9a7a3b9dba06688f71d83a094a97d8de","banderaId":1,"lat":"-27.365024","lng":"-55.95188","sucursalNombre":"Local 6","id":"5-1-6","sucursalTipo":"Hipermercado","provincia":"AR-N","direccion":"Av. Tambor De Tacuari 7450","banderaDescripcion":"California Supermercados","localidad":"Posadas","comercioRazonSocial":"California S.A.","comercioId":5,"sucursalId":"6"},{"_id":"3d97a977b4a68399dc62da35e079d8de","_rev":"1-c7e9ad410d8822479e9b25305604e837","banderaId":1,"lat":"-27.391194","lng":"-55.900862","sucursalNombre":"Local 4","id":"5-1-4","sucursalTipo":"Hipermercado","provincia":"AR-N","direccion":"Av. Uruguay 4652","banderaDescripcion":"California Supermercados","localidad":"Posadas","comercioRazonSocial":"California S.A.","comercioId":5,"sucursalId":"4"},{"_id":"4fb6ecb2f1281e609ce9e312ef3f2aa0","_rev":"1-c48e57cdf8a0ee74284618a96d8db2f7","banderaId":1,"lat":"-27.367621","lng":"-55.896502","sucursalNombre":"Local 1","id":"5-1-1","sucursalTipo":"Hipermercado","provincia":"AR-N","direccion":"Cordoba 2062","banderaDescripcion":"California Supermercados","localidad":"Posadas","comercioRazonSocial":"California S.A.","comercioId":5,"sucursalId":"1"},{"_id":"e4a982edfcf211474fb939cc5100d90d","_rev":"1-727113bd672f01197b6974703c1442be","banderaId":1,"lat":"-36.7857","lng":"-59.8346","sucursalNombre":"Ruta 3","id":"23-1-6251","sucursalTipo":"Autoservicio","provincia":"AR-B","direccion":"Ruta Nac.3 Km. 298","banderaDescripcion":"Axion Energy","localidad":"AZUL","comercioRazonSocial":"Axion Energy Argentina S.A.","comercioId":23,"sucursalId":"6251"},{"_id":"e4a982edfcf211474fb939cc5108af7f","_rev":"1-4bff0493b6e113d5456bf486632f43a8","banderaId":1,"lat":"-38.704","lng":"-62.2717","sucursalNombre":"Universitario","id":"23-1-6290","sucursalTipo":"Autoservicio","provincia":"AR-B","direccion":"Av Alem 1086","banderaDescripcion":"Axion Energy","localidad":"BAHIA BLANCA","comercioRazonSocial":"Axion Energy Argentina S.A.","comercioId":23,"sucursalId":"6290"},{"_id":"e4a982edfcf211474fb939cc5110bba9","_rev":"1-e67a6a4ea4f517ce19aa5f66b7598173","banderaId":1,"lat":"-38.6976","lng":"-62.2453","sucursalNombre":"Bahia Blanca","id":"23-1-6289","sucursalTipo":"Autoservicio","provincia":"AR-B","direccion":"Sarmiento 4114","banderaDescripcion":"Axion Energy","localidad":"BAHIA BLANCA","comercioRazonSocial":"Axion Energy Argentina S.A.","comercioId":23,"sucursalId":"6289"},{"_id":"e4a982edfcf211474fb939cc51196cfc","_rev":"1-054fce306559c0e6e4cd90014f2622e4","banderaId":1,"lat":"-34.7738","lng":"-58.2696","sucursalNombre":"Gutierrez","id":"23-1-6277","sucursalTipo":"Autoservicio","provincia":"AR-B","direccion":"Ruta 36 Km. 34 None","banderaDescripcion":"Axion Energy","localidad":"BERAZATEGUI","comercioRazonSocial":"Axion Energy Argentina S.A.","comercioId":23,"sucursalId":"6277"},{"_id":"e4a982edfcf211474fb939cc51214fd6","_rev":"1-f52ce0a23a31ab2f7ac291acdcbf5e1d","banderaId":1,"lat":"-34.1629","lng":"-58.9648","sucursalNombre":"Dialogos","id":"23-1-6201","sucursalTipo":"Autoservicio","provincia":"AR-B","direccion":"Av. Mitre 852","banderaDescripcion":"Axion Energy","localidad":"CAMPANA","comercioRazonSocial":"Axion Energy Argentina S.A.","comercioId":23,"sucursalId":"6201"},{"_id":"e4a982edfcf211474fb939cc5129051c","_rev":"1-f01dec4b57b70566069e8e7b7755c2ac","banderaId":1,"lat":"-34.1793","lng":"-58.9629","sucursalNombre":"Rivadavia","id":"23-1-6209","sucursalTipo":"Autoservicio","provincia":"AR-B","direccion":"Av. Rivadavia 975","banderaDescripcion":"Axion Energy","localidad":"CAMPANA","comercioRazonSocial":"Axion Energy Argentina S.A.","comercioId":23,"sucursalId":"6209"},{"_id":"e4a982edfcf211474fb939cc51311357","_rev":"1-292beca2f35924f3e8bd511819bd6e07","banderaId":1,"lat":"-34.1962","lng":"-58.9552","sucursalNombre":"La Carmela","id":"23-1-6203","sucursalTipo":"Autoservicio","provincia":"AR-B","direccion":"Ruta 9 Esq. Cnel Larrabure None","banderaDescripcion":"Axion Energy","localidad":"CAMPANA","comercioRazonSocial":"Axion Energy Argentina S.A.","comercioId":23,"sucursalId":"6203"},{"_id":"e4a982edfcf211474fb939cc5138e6ca","_rev":"1-845eb9f150f70bc79295c5996c205e4e","banderaId":1,"lat":"-34.3951","lng":"-58.7402","sucursalNombre":"Maschwitz","id":"23-1-6204","sucursalTipo":"Autoservicio","provincia":"AR-B","direccion":"Av. Villanueva Esq. Ruta 9 None","banderaDescripcion":"Axion Energy","localidad":"ESCOBAR","comercioRazonSocial":"Axion Energy Argentina S.A.","comercioId":23,"sucursalId":"6204"},{"_id":"e4a982edfcf211474fb939cc51408a54","_rev":"1-10650dbc995721f253be9a31fb18e78e","banderaId":1,"lat":"-34.7423","lng":"-58.4959","sucursalNombre":"Echeverria","id":"23-1-6235","sucursalTipo":"Autoservicio","provincia":"AR-B","direccion":"Camino Cintura Esq. Olimpo S/N None","banderaDescripcion":"Axion Energy","localidad":"ESTEBAN ECHEVERRIA","comercioRazonSocial":"Axion Energy Argentina S.A.","comercioId":23,"sucursalId":"6235"},{"_id":"e4a982edfcf211474fb939cc514898c6","_rev":"1-41e36221512e2ba3c59cc63c54a6efc7","banderaId":1,"lat":"-34.809","lng":"-58.2803","sucursalNombre":"Florencio Varela","id":"23-1-6285","sucursalTipo":"Autoservicio","provincia":"AR-B","direccion":"Av.San Martín 3188","banderaDescripcion":"Axion Energy","localidad":"FLORENCIO VARELA","comercioRazonSocial":"Axion Energy Argentina S.A.","comercioId":23,"sucursalId":"6285"},{"_id":"e4a982edfcf211474fb939cc515092a6","_rev":"1-a4b1594d87af07079c9af898bb5f83ea","banderaId":3,"lat":"-38.961910","lng":"-68.036890","sucursalNombre":"BOMBA 01","id":"2-3-244","sucursalTipo":"Supermercado","provincia":"AR-Q","direccion":"Alumine 630","banderaDescripcion":"BOMBA","localidad":"NEUQUEN","comercioRazonSocial":"S.A. Importadora y Exportadora de la Patagonia","comercioId":2,"sucursalId":"244"},{"_id":"e4a982edfcf211474fb939cc51b0e75a","_rev":"1-c5e26adb78db210a0901b21ff4327c5e","banderaId":3,"lat":"-38.947490","lng":"-68.084620","sucursalNombre":"BOMBA 07","id":"2-3-248","sucursalTipo":"Supermercado","provincia":"AR-Q","direccion":"Antartida Argentina 1830","banderaDescripcion":"BOMBA","localidad":"NEUQUEN","comercioRazonSocial":"S.A. Importadora y Exportadora de la Patagonia","comercioId":2,"sucursalId":"248"}]}
{"seq":27}
